{"__symbolic":"module","version":4,"metadata":{"ListingService":{"__symbolic":"class","decorators":[{"__symbolic":"call","expression":{"__symbolic":"reference","module":"@angular/core","name":"Injectable","line":2,"character":1},"arguments":[{"providedIn":"root"}]}],"members":{"__ctor__":[{"__symbolic":"constructor"}]},"statics":{"ngInjectableDef":{}}},"ListingComponent":{"__symbolic":"class","decorators":[{"__symbolic":"call","expression":{"__symbolic":"reference","module":"@angular/core","name":"Component","line":1166,"character":1},"arguments":[{"selector":"lib-listing","template":"<div class=\"container\">\n\n\n  <mat-card>\n    <mat-toolbar-row class=\"searchbar\" style=\"display: flex!important; justify-content: space-between!important;\">\n    <mat-form-field class=\"searchdiv\">\n\n      <input matInput (keyup)=\"applyFilter($event.target.value)\" placeholder=\"Filter\">\n    </mat-form-field>\n\n      <span  *ngIf=\"search_settingsval !=null && search_settingsval.textsearch != null \">\n    <mat-form-field *ngFor=\"let item of search_settingsval.textsearch\" class=\"searchdiv\">\n\n      <input matInput (change)=\"textsearchfunction(item.field)\" (keyup)=\"textsearchfunction(item.field)\" [(ngModel)]='tsearch[item.field]' placeholder=\"{{item.label}}\">\n      <span matPrefix><i class=\"material-icons searchicon\" >\n        search\n      </i> &nbsp;</span>\n    </mat-form-field>\n      </span>\n\n<span *ngIf=\"search_settingsval !=null && search_settingsval.search != null \">\n  <mat-form-field  *ngFor=\"let item of search_settingsval.search\">\n    <input type=\"text\" placeholder=\"{{item.label}}\" matInput [(ngModel)]=\"autosearch[item.field]\" [matAutocomplete]=\"auto\">\n    <mat-autocomplete  #auto=\"matAutocomplete\" >\n       <mat-option *ngFor=\"let option of result.res | async\" [value]=\"option[item.field]\" (click)=\"autosearchfunction(item.field)\">\n        {{option[item.field]}}\n      </mat-option>\n    </mat-autocomplete>\n  </mat-form-field>\n</span>\n\n\n\n<!--      <span *ngIf=\"search_settingsval !=null && search_settingsval != null \">\n\n      <mat-form-field *ngFor=\"let item of search_settingsval.search\">\n        <mat-label>{{item.label}}</mat-label>\n        <mat-select>\n          <mat-option *ngFor=\"let status of preresult\" [value]=\"status\" (click)=\"autosearchfunction(status.email)\">\n            {{status.email}}\n          </mat-option>\n        </mat-select>\n      </mat-form-field>\n\n      </span>-->\n    <!--  <ng-container  *ngIf=\"search_settingsval !=null && search_settingsval.textsearch != null \">\n&lt;!&ndash;        <span *ngFor=\"let status of this.search_settingsval.textsearch\">&ndash;&gt;\n&lt;!&ndash;        <mat-form-field *ngFor=\"let statusval of status.value\">&ndash;&gt;\n        <mat-form-field *ngFor=\"let status of this.search_settingsval.textsearch\">\n              <input matInput (keyup)=\"applyFilter1($event.target.value, status)\" placeholder=\"{{status.label}}\">\n        </mat-form-field>\n&lt;!&ndash;              </span>&ndash;&gt;\n      </ng-container>-->\n\n\n      <ng-container  *ngIf=\"search_settingsval !=null && search_settingsval.selectsearch != null \">\n        <mat-form-field *ngFor=\"let status of this.search_settingsval.selectsearch\">\n          <mat-label>{{status.label}}</mat-label>\n          <mat-select>\n            <mat-option *ngFor=\"let statusval of status.values\" [value]=\"statusval\" (click)=\"selectSearch(statusval.val, status)\">\n              {{statusval.name}}\n            </mat-option>\n          </mat-select>\n        </mat-form-field>\n      </ng-container>\n\n\n      <ng-container *ngIf=\"date_search_endpointval !=null && date_search_sourceval != null && search_settingsval.datesearch != null \">\n        <span *ngFor=\"let status of this.search_settingsval.datesearch\">\n        <mat-form-field >\n          <input matInput [matDatepicker]=\"picker\"autocomplete=\"off\"  placeholder=\"{{status.startdatelabel}}\"  [(ngModel)]=\"start_date\" >\n          <mat-datepicker-toggle matSuffix [for]=\"picker\" ></mat-datepicker-toggle>\n          <mat-datepicker #picker></mat-datepicker>\n        </mat-form-field>\n        <mat-form-field>\n          <input matInput [matDatepicker]=\"picker1\" autocomplete=\"off\" placeholder=\"{{status.enddatelabel}}\" [(ngModel)]=\"end_date\" >\n          <mat-datepicker-toggle matSuffix [for]=\"picker1\"></mat-datepicker-toggle>\n          <mat-datepicker #picker1 ></mat-datepicker>\n        </mat-form-field>\n        <button mat-raised-button color=\"primary\" class=\"add_button\" style=\"margin: 0!important; margin-left: 10px!important; \" (click)=\"dateSearch(status.field)\">{{status.submit}}</button>\n      </span>\n      </ng-container>\n\n\n\n      <span *ngIf=\"click_to_add_ananother_pageval !=null\">\n        <button mat-raised-button color=\"primary\" class=\"add_button\" style=\"margin: 0!important; margin-left: 10px!important; \" [routerLink]=\"click_to_add_ananother_pageval\" >Add</button>\n      </span>\n    </mat-toolbar-row>\n\n\n\n    <ng-container *ngIf=\"selection.selected.length!=null && selection.selected.length>0\">\n      <button mat-raised-button (click)=\"deletemultiple()\"> Delete </button>\n      <button mat-raised-button (click)=\"managestatusmultiple()\"> Update Status </button>\n    </ng-container>\n\n\n\n    <table mat-table [dataSource]=\"dataSource\" matSort class=\"mat-elevation-z8\">\n\n      <ng-container matColumnDef=\"select\">\n        <th mat-header-cell *matHeaderCellDef>\n          <mat-checkbox (change)=\"$event ? masterToggle() : null\"\n                        [checked]=\"selection.hasValue() && isAllSelected()\"\n                        [indeterminate]=\"selection.hasValue() && !isAllSelected()\">\n          </mat-checkbox>\n        </th>\n        <td mat-cell *matCellDef=\"let row\" data-label=\"select\">\n          <mat-checkbox (click)=\"$event.stopPropagation()\"\n                        (change)=\"$event ? selection.toggle(row) : null\"\n                        [checked]=\"selection.isSelected(row)\">\n          </mat-checkbox>\n        </td>\n      </ng-container>\n\n      <ng-container *ngFor=\"let column of columns\" [matColumnDef]=\"column.columnDef\" >\n        <th mat-header-cell *matHeaderCellDef mat-sort-header class=\"th-header-center\">{{column.header}}</th>\n        <td mat-cell *matCellDef=\"let row\" [ngStyle]=\"styleCell(column,row)\" data-title=\"{{column.header}}\"   class=\"td-cell-center\">\n          <span *ngIf=\"column.columnDef=='status' \">{{ getstatus([column.cell(row)]) }} {{hi(row)}}</span>\n          <span *ngIf=\"column.columnDef!='status' \">{{ column.cell(row) }}</span>\n          <span *ngIf=\"column.columnDef=='grab_url && grab_linkval!=null && grab_linkval[0]!=null' \">{{grapurl(row[this.grab_linkval[0].field_name])}}</span>\n          <br>\n\n<!--          <span *ngIf=\"sh==true\">-->\n            <span *ngIf=\"column.columnDef=='contractssigned' && sh==true && urlval !=null\" class=\"cursor\">\n              <i title=\"{{urlval[0].label}}\" (click)=\"clickurl(row,urlval[0].url)\" class=\"material-icons\">cloud_download</i>\n            </span>\n<!--          </span>-->\n<!--          <span *ngIf=\"aud==true\">-->\n            <span *ngIf=\"column.columnDef=='contractssigned' && aud==true  && urlval !=null\">\n              <i title=\"{{urlval[1].label}}\" (click)=\"clickurl(row,urlval[1].url)\" class=\"material-icons\">cloud_download</i>\n            </span>\n\n\n<!--// for grap url//-->\n\n\n\n          <span *ngIf=\" grab_linkval!=null && grab_linkval[0]!=null && column.columnDef==[grab_linkval[0].col_name]\" class=\"cursor\">\n              <button mat-button (click)=\"copyText(row[grab_linkval[0].field_name],grab_linkval[1].url)\">{{grab_linkval[1].label}}</button>\n            </span>\n          <br>\n          <!--          </span>-->\n          <!--          <span *ngIf=\"aud==true\">-->\n          <span *ngIf=\"grab_linkval!=null && grab_linkval[0]!=null &&column.columnDef== [grab_linkval[0].col_name]\">\n              <button mat-button (click)=\"copyText(row[grab_linkval[0].field_name],grab_linkval[2].url)\">{{grab_linkval[2].label}}</button>\n            </span>\n\n<!--          //grap url end//-->\n\n\n<!--          </span>-->\n          <!-- <span *ngIf=\"column.columnDef=='contractssigned' \">\n            <span *ngFor=\"let item of urlval\" class=\"cursor\">\n            <i title=\"{{item.label}}\" (click)=\"clickurl(row,item.url)\" class=\"material-icons\">cloud_download</i>\n          </span>\n          </span>-->\n        </td>\n      </ng-container>\n\n\n\n      <ng-container matColumnDef=\"Actions\"   >\n        <th mat-header-cell *matHeaderCellDef  class=\"th-header-center\">Actions</th>\n        <td (click)=\"$event.stopPropagation()\" mat-cell  *matCellDef=\"let row\" data-label=\"Actions\"  class=\"td-cell-center\">\n          <span *ngIf=\"selection.selected.length==null || selection.selected.length==0\">\n            <span class=\"cursor\" (click)=\"editdata(row)\" >\n              <i class=\"material-icons\">\n                edit\n              </i>\n            </span>\n\n            <!--For modern browsers-->\n            <span class=\"cursor\" (click)=\"deletedata(row)\" >\n              <i class=\"material-icons\">\n                delete_outline\n              </i>\n            </span>\n\n            <!--For modern browsers-->\n            <span class=\"cursor\" (click)=\"viewdata(row)\" >\n              <i class=\"material-icons\">\n                pageview\n              </i>\n            </span>\n\n            <!--For modern browsers-->\n            <span class=\"cursor\" (click)=\"managestatus(row)\" >\n              <i class=\"material-icons\">\n                toggle_off\n              </i>\n            </span>\n            <span *ngIf=\"custombuttonval!=null\" class=\"cursor treeclass\" (click)=\"custombuttonfunc(row)\" >\n              <i class=\"material-icons treeclass\">\n                toggle_off\n              </i>\n            </span>\n\n            <!-- artistxp preview start -->\n            <span *ngIf=\"previewFlug==true\" class=\"cursor treeclass\" (click)=\"artistxpPreview(row)\">\n              <i class=\"material-icons\">perm_media</i>\n            </span>\n            <!-- artistxp preview end -->\n\n          </span>\n\n        </td>\n      </ng-container>\n\n\n\n\n\n\n      <tr mat-header-row *matHeaderRowDef=\"displayedColumns\"></tr>\n      <tr mat-row *matRowDef=\"let row; columns: displayedColumns;\"></tr>\n\n    </table>\n\n    <mat-paginator [pageSizeOptions]=\"[5,10, 20, 50,100]\" showFirstLastButtons></mat-paginator>\n    <mat-spinner *ngIf=\"loading == true\" ></mat-spinner>\n\n    <br>\n\n\n   <!-- <form [formGroup]=\"stateForm\">\n      <mat-form-field>\n        <input type=\"text\" matInput placeholder=\"States Group\" formControlName=\"stateGroup\" required [matAutocomplete]=\"autoGroup\">\n        <mat-autocomplete #autoGroup=\"matAutocomplete\">\n          <mat-optgroup *ngFor=\"let group of stateGroupOptions | async\" [label]=\"group.letter\">\n            <mat-option *ngFor=\"let name of group.names\" [value]=\"name\">\n              {{name}}\n            </mat-option>\n          </mat-optgroup>\n        </mat-autocomplete>\n      </mat-form-field>\n    </form>-->\n\n    <!--<form class=\"example-form\">\n      <mat-form-field class=\"example-full-width\">\n        <input type=\"text\" placeholder=\"Select state\" aria-label=\"Number\" matInput [formControl]=\"myControl\" [matAutocomplete]=\"auto\">\n        <mat-autocomplete #auto=\"matAutocomplete\">\n          <mat-option *ngFor=\"let option of stateGroup | async\" [value]=\"option\">\n            {{option}}\n          </mat-option>\n        </mat-autocomplete>\n      </mat-form-field>\n    </form>\n-->\n\n  </mat-card>\n\n<!--\n  <mat-card>\n\n    <div class=\"example-container\">\n\n\n      <mat-card-content >\n        <mat-form-field class=\"form-group\">\n            <input (blur)=\"inputblur('email')\" matInput placeholder=\"email\" type=\"email\" [formControl]=\"myForm.controls['email']\" >\n            <mat-error  *ngIf=\"!myForm.controls['email'].valid && myForm.controls['email'].touched && issubmit==1\">email field can not be blank</mat-error>\n        </mat-form-field>\n\n        <mat-form-field class=\"form-group\">\n            <input (blur)=\"inputblur('password')\" matInput placeholder=\"Password\" type=\"password\" [formControl]=\"myForm.controls['password']\" >\n            <mat-error  *ngIf=\"!myForm.controls['password'].valid && myForm.controls['password'].touched && issubmit==1\">Password field can not be blank</mat-error>\n        </mat-form-field>\n\n            <button mat-button  (click)=\"onSubmit()\" class=\"s_getmyoffer_login_button\"  >Login</button>\n        </mat-card-content>\n\n\n    </div>\n\n  </mat-card>-->\n  <br>\n  <br>\n\n\n\n</div>\n\n","styles":[".container{background:#fff}body{font-family:Roboto,Arial,sans-serif;margin:0;display:none!important}.basic-container{padding:30px}.version-info{font-size:8pt;float:right}table{width:100%}th.mat-sort-header-sorted{color:#000}.custom-modalbox{display:none}"]}]}],"members":{"search_settings":[{"__symbolic":"property","decorators":[{"__symbolic":"call","expression":{"__symbolic":"reference","module":"@angular/core","name":"Input","line":1216,"character":3}}]}],"click_to_add_ananother_page":[{"__symbolic":"property","decorators":[{"__symbolic":"call","expression":{"__symbolic":"reference","module":"@angular/core","name":"Input","line":1231,"character":3}}]}],"grab_link":[{"__symbolic":"property","decorators":[{"__symbolic":"call","expression":{"__symbolic":"reference","module":"@angular/core","name":"Input","line":1238,"character":3}}]}],"custombutton":[{"__symbolic":"property","decorators":[{"__symbolic":"call","expression":{"__symbolic":"reference","module":"@angular/core","name":"Input","line":1244,"character":3}}]}],"date_search_source":[{"__symbolic":"property","decorators":[{"__symbolic":"call","expression":{"__symbolic":"reference","module":"@angular/core","name":"Input","line":1251,"character":3}}]}],"date_search_endpoint":[{"__symbolic":"property","decorators":[{"__symbolic":"call","expression":{"__symbolic":"reference","module":"@angular/core","name":"Input","line":1258,"character":3}}]}],"url":[{"__symbolic":"property","decorators":[{"__symbolic":"call","expression":{"__symbolic":"reference","module":"@angular/core","name":"Input","line":1264,"character":4}}]}],"searchendpoint":[{"__symbolic":"property","decorators":[{"__symbolic":"call","expression":{"__symbolic":"reference","module":"@angular/core","name":"Input","line":1270,"character":5}}]}],"pdf_link":[{"__symbolic":"property","decorators":[{"__symbolic":"call","expression":{"__symbolic":"reference","module":"@angular/core","name":"Input","line":1276,"character":4}}]}],"searchList":[{"__symbolic":"property","decorators":[{"__symbolic":"call","expression":{"__symbolic":"reference","module":"@angular/core","name":"Input","line":1282,"character":3}}]}],"datasource":[{"__symbolic":"property","decorators":[{"__symbolic":"call","expression":{"__symbolic":"reference","module":"@angular/core","name":"Input","line":1288,"character":3}}]}],"skip":[{"__symbolic":"property","decorators":[{"__symbolic":"call","expression":{"__symbolic":"reference","module":"@angular/core","name":"Input","line":1295,"character":3}}]}],"detail_datatype":[{"__symbolic":"property","decorators":[{"__symbolic":"call","expression":{"__symbolic":"reference","module":"@angular/core","name":"Input","line":1301,"character":3}}]}],"detail_skip_array":[{"__symbolic":"property","decorators":[{"__symbolic":"call","expression":{"__symbolic":"reference","module":"@angular/core","name":"Input","line":1307,"character":2}}]}],"sourcedata":[{"__symbolic":"property","decorators":[{"__symbolic":"call","expression":{"__symbolic":"reference","module":"@angular/core","name":"Input","line":1314,"character":1}}]}],"modify_header_array":[{"__symbolic":"property","decorators":[{"__symbolic":"call","expression":{"__symbolic":"reference","module":"@angular/core","name":"Input","line":1321,"character":3}}]}],"deleteendpoint":[{"__symbolic":"property","decorators":[{"__symbolic":"call","expression":{"__symbolic":"reference","module":"@angular/core","name":"Input","line":1328,"character":3}}]}],"updateendpoint":[{"__symbolic":"property","decorators":[{"__symbolic":"call","expression":{"__symbolic":"reference","module":"@angular/core","name":"Input","line":1335,"character":2}}]}],"apiurl":[{"__symbolic":"property","decorators":[{"__symbolic":"call","expression":{"__symbolic":"reference","module":"@angular/core","name":"Input","line":1341,"character":5}}]}],"jwttoken":[{"__symbolic":"property","decorators":[{"__symbolic":"call","expression":{"__symbolic":"reference","module":"@angular/core","name":"Input","line":1348,"character":1}}]}],"statusarr":[{"__symbolic":"property","decorators":[{"__symbolic":"call","expression":{"__symbolic":"reference","module":"@angular/core","name":"Input","line":1355,"character":5}}]}],"emailarray":[{"__symbolic":"property","decorators":[{"__symbolic":"call","expression":{"__symbolic":"reference","module":"@angular/core","name":"Input","line":1362,"character":5}}]}],"editroute":[{"__symbolic":"property","decorators":[{"__symbolic":"call","expression":{"__symbolic":"reference","module":"@angular/core","name":"Input","line":1369,"character":3}}]}],"preview_artistxp":[{"__symbolic":"property","decorators":[{"__symbolic":"call","expression":{"__symbolic":"reference","module":"@angular/core","name":"Input","line":1380,"character":3}}]}],"sort":[{"__symbolic":"property","decorators":[{"__symbolic":"call","expression":{"__symbolic":"reference","module":"@angular/core","name":"ViewChild","line":1406,"character":3},"arguments":[{"__symbolic":"reference","module":"@angular/material","name":"MatSort","line":1406,"character":13},{"static":true}]}]}],"paginator":[{"__symbolic":"property","decorators":[{"__symbolic":"call","expression":{"__symbolic":"reference","module":"@angular/core","name":"ViewChild","line":1407,"character":3},"arguments":[{"__symbolic":"reference","module":"@angular/material","name":"MatPaginator","line":1407,"character":13},{"static":true}]}]}],"__ctor__":[{"__symbolic":"constructor","parameters":[{"__symbolic":"reference","name":"ɵa"},{"__symbolic":"reference","module":"@angular/material","name":"MatDialog","line":1412,"character":60},{"__symbolic":"reference","module":"@angular/material","name":"MatBottomSheet","line":1412,"character":91},{"__symbolic":"reference","module":"@angular/forms","name":"FormBuilder","line":1412,"character":117},{"__symbolic":"reference","module":"@angular/router","name":"Router","line":1412,"character":145},{"__symbolic":"reference","module":"@angular/core","name":"ComponentFactoryResolver","line":1412,"character":171},{"__symbolic":"reference","module":"@angular/core","name":"ViewContainerRef","line":1413,"character":33},{"__symbolic":"reference","module":"@angular/common/http","name":"HttpClient","line":1413,"character":65},{"__symbolic":"reference","module":"@angular/platform-browser","name":"DomSanitizer","line":1413,"character":94}]}],"inputblur":[{"__symbolic":"method"}],"ngOnInit":[{"__symbolic":"method"}],"onSubmit":[{"__symbolic":"method"}],"dateSearch":[{"__symbolic":"method"}],"selectSearch":[{"__symbolic":"method"}],"autosearchfunction":[{"__symbolic":"method"}],"textsearchfunction":[{"__symbolic":"method"}],"_filter":[{"__symbolic":"method"}],"getstatus":[{"__symbolic":"method"}],"hi":[{"__symbolic":"method"}],"grapurl":[{"__symbolic":"method"}],"copyText":[{"__symbolic":"method"}],"clickurl":[{"__symbolic":"method"}],"isAllSelected":[{"__symbolic":"method"}],"masterToggle":[{"__symbolic":"method"}],"checkboxLabel":[{"__symbolic":"method"}],"createData":[{"__symbolic":"method"}],"applyFilter":[{"__symbolic":"method"}],"styleCell":[{"__symbolic":"method"}],"viewdata":[{"__symbolic":"method"}],"managestatus":[{"__symbolic":"method"}],"custombuttonfunc":[{"__symbolic":"method"}],"managestatusmultiple":[{"__symbolic":"method"}],"deletemultiple":[{"__symbolic":"method"}],"deletedata":[{"__symbolic":"method"}],"editdata":[{"__symbolic":"method"}],"artistxpPreview":[{"__symbolic":"method"}]}},"Confirmdialog":{"__symbolic":"class","decorators":[{"__symbolic":"call","expression":{"__symbolic":"reference","module":"@angular/core","name":"Component","line":2241,"character":1},"arguments":[{"selector":"confirmdialog","template":"\n<div *ngIf=\"data.preview != true\">\n    <h1 mat-dialog-title *ngIf=\"data!=null && data.message!=null\" >Hey !</h1>\n    <h1 mat-dialog-title *ngIf=\"data!=null && data.data!=null && data.data[0]==null\">Details </h1>\n    <div mat-dialog-content>\n        <p *ngIf=\"data!=null && data.message!=null\">{{data.message}}</p>\n\n\n        <div *ngIf=\"data!=null && data.data!=null\">\n\n\n\n            <mat-card class=\"example-card\" *ngFor=\"let item of data.data;\">\n                <mat-card-header id=\"dialogdata{{item[0]}}\">\n                    <!--<div mat-card-avatar class=\"example-header-image\"></div>-->\n                    <mat-card-title>{{item[0]}}</mat-card-title>\n                </mat-card-header>\n                <!--<img mat-card-image src=\"https://material.angular.io/assets/img/examples/shiba2.jpg\" alt=\"Photo of a Shiba Inu\">-->\n                <mat-card-content id=\"dialogdata{{item[0]}}\">\n                    <p [innerHtml]=\"item[1]\">\n\n                    </p>\n                </mat-card-content>\n            </mat-card>\n\n        </div>\n\n        <!--for custom page in modal(mainly used for tree)-->\n        <div *ngIf=\"data!=null && data.data!=null  && data.data[0]!=null &&  data.data[0].customdata!=null\">\n\n            <iframe class=\"custom-datadiv\" height=\"auto\"  [src]=\"data.data[0].customdata\" ></iframe>\n\n        </div>\n\n    </div>\n</div>\n\n\n<div *ngIf=\"data.preview == true\">\n    <lib-singlepost [post1]=\"data.previewData.res[0].posts\" [user]=\"\"></lib-singlepost>\n</div>\n\n\n\n\n\n<div mat-dialog-actions *ngIf=\"data.preview != true\">\n    <button mat-button *ngIf=\"data.isconfirmation==null ||  data.isconfirmation!=false\" (click)=\"onNoClick()\">No Thanks</button>\n    <button mat-button mat-dialog-close=\"yes\" cdkFocusInitial>Ok</button>\n</div>\n"}]}],"members":{"__ctor__":[{"__symbolic":"constructor","parameterDecorators":[null,[{"__symbolic":"call","expression":{"__symbolic":"reference","module":"@angular/core","name":"Inject","line":2249,"character":7},"arguments":[{"__symbolic":"reference","module":"@angular/material","name":"MAT_DIALOG_DATA","line":2249,"character":14}]}],null],"parameters":[{"__symbolic":"reference","name":"MatDialogRef","module":"@angular/material","arguments":[{"__symbolic":"reference","name":"Confirmdialog"}]},{"__symbolic":"reference","name":"any"},{"__symbolic":"reference","module":"@angular/platform-browser","name":"DomSanitizer","line":1413,"character":94}]}],"onNoClick":[{"__symbolic":"method"}],"sanitizeUrl":[{"__symbolic":"method"}]}},"BottomSheet":{"__symbolic":"class","decorators":[{"__symbolic":"call","expression":{"__symbolic":"reference","module":"@angular/core","name":"Component","line":2274,"character":1},"arguments":[{"selector":"bottom-sheet","template":"<mat-nav-list>\n\n\n    <a *ngFor=\"let item of data.items;\"  mat-list-item (click)=\"openLink(item)\">\n        <span mat-line></span>\n        <span mat-line>{{item.name}}</span>\n    </a>\n\n\n</mat-nav-list>\n"}]}],"members":{"__ctor__":[{"__symbolic":"constructor","parameterDecorators":[null,[{"__symbolic":"call","expression":{"__symbolic":"reference","module":"@angular/core","name":"Inject","line":2279,"character":70},"arguments":[{"__symbolic":"reference","module":"@angular/material","name":"MAT_BOTTOM_SHEET_DATA","line":2279,"character":77}]}]],"parameters":[{"__symbolic":"reference","name":"MatBottomSheetRef","module":"@angular/material","arguments":[{"__symbolic":"reference","name":"BottomSheet"}]},{"__symbolic":"reference","name":"any"}]}],"openLink":[{"__symbolic":"method"}]}},"ListingModule":{"__symbolic":"class","decorators":[{"__symbolic":"call","expression":{"__symbolic":"reference","module":"@angular/core","name":"NgModule","line":31,"character":1},"arguments":[{"declarations":[{"__symbolic":"reference","name":"ListingComponent"},{"__symbolic":"reference","name":"Confirmdialog"},{"__symbolic":"reference","name":"BottomSheet"}],"imports":[{"__symbolic":"reference","module":"@angular/common","name":"CommonModule","line":34,"character":8},{"__symbolic":"reference","module":"@angular/platform-browser","name":"BrowserModule","line":35,"character":8},{"__symbolic":"reference","module":"@angular/platform-browser/animations","name":"BrowserAnimationsModule","line":35,"character":23},{"__symbolic":"reference","name":"ɵb"},{"__symbolic":"reference","module":"@angular/forms","name":"FormsModule","line":37,"character":8},{"__symbolic":"reference","module":"@angular/forms","name":"ReactiveFormsModule","line":37,"character":21},{"__symbolic":"reference","module":"@angular/router","name":"RouterModule","line":38,"character":9},{"__symbolic":"reference","module":"ngx-moment","name":"MomentModule","line":39,"character":8}],"schemas":[{"__symbolic":"reference","module":"@angular/core","name":"CUSTOM_ELEMENTS_SCHEMA","line":43,"character":15}],"exports":[{"__symbolic":"reference","name":"ListingComponent"}],"providers":[{"__symbolic":"reference","name":"ɵa"}],"entryComponents":[{"__symbolic":"reference","name":"Confirmdialog"},{"__symbolic":"reference","name":"BottomSheet"}]}]}],"members":{}},"ɵa":{"__symbolic":"class","decorators":[{"__symbolic":"call","expression":{"__symbolic":"reference","module":"@angular/core","name":"Injectable","line":6,"character":1}}],"members":{"uploaderInput":[{"__symbolic":"property","decorators":[{"__symbolic":"call","expression":{"__symbolic":"reference","module":"@angular/core","name":"ViewChild","line":14,"character":3},"arguments":["fileInput1",{"static":false}]}]}],"__ctor__":[{"__symbolic":"constructor","parameters":[{"__symbolic":"reference","module":"@angular/common/http","name":"HttpClient","line":36,"character":29},{"__symbolic":"reference","module":"@angular/common/http","name":"HttpClient","line":36,"character":29}]}],"onUploadOutput":[{"__symbolic":"method"}],"isTokenExpired":[{"__symbolic":"method"}],"getclientip":[{"__symbolic":"method"}],"getEndpoint":[{"__symbolic":"method"}],"getData":[{"__symbolic":"method"}],"postData":[{"__symbolic":"method"}],"postDatawithoutToken":[{"__symbolic":"method"}],"postlogin":[{"__symbolic":"method"}],"postSearch":[{"__symbolic":"method"}],"postSearch1":[{"__symbolic":"method"}],"putData":[{"__symbolic":"method"}],"deteOneData":[{"__symbolic":"method"}],"togglestatus":[{"__symbolic":"method"}],"deteManyData":[{"__symbolic":"method"}],"togglestatusmany":[{"__symbolic":"method"}],"getEndpointUrl":[{"__symbolic":"method"}]}},"ɵb":{"__symbolic":"class","decorators":[{"__symbolic":"call","expression":{"__symbolic":"reference","module":"@angular/core","name":"NgModule","line":52,"character":1},"arguments":[{"exports":[{"__symbolic":"reference","module":"@angular/cdk/a11y","name":"A11yModule","line":54,"character":8},{"__symbolic":"reference","module":"@angular/cdk/stepper","name":"CdkStepperModule","line":55,"character":8},{"__symbolic":"reference","module":"@angular/cdk/table","name":"CdkTableModule","line":56,"character":8},{"__symbolic":"reference","module":"@angular/cdk/tree","name":"CdkTreeModule","line":57,"character":8},{"__symbolic":"reference","module":"@angular/cdk/drag-drop","name":"DragDropModule","line":58,"character":8},{"__symbolic":"reference","module":"@angular/material","name":"MatAutocompleteModule","line":59,"character":8},{"__symbolic":"reference","module":"@angular/material","name":"MatBadgeModule","line":60,"character":8},{"__symbolic":"reference","module":"@angular/material","name":"MatBottomSheetModule","line":61,"character":8},{"__symbolic":"reference","module":"@angular/material","name":"MatButtonModule","line":62,"character":8},{"__symbolic":"reference","module":"@angular/material","name":"MatButtonToggleModule","line":63,"character":8},{"__symbolic":"reference","module":"@angular/material","name":"MatCardModule","line":64,"character":8},{"__symbolic":"reference","module":"@angular/material","name":"MatCheckboxModule","line":65,"character":8},{"__symbolic":"reference","module":"@angular/material","name":"MatChipsModule","line":66,"character":8},{"__symbolic":"reference","module":"@angular/material","name":"MatStepperModule","line":67,"character":8},{"__symbolic":"reference","module":"@angular/material","name":"MatDatepickerModule","line":68,"character":8},{"__symbolic":"reference","module":"@angular/material","name":"MatDialogModule","line":69,"character":8},{"__symbolic":"reference","module":"@angular/material","name":"MatDividerModule","line":70,"character":8},{"__symbolic":"reference","module":"@angular/material","name":"MatExpansionModule","line":71,"character":8},{"__symbolic":"reference","module":"@angular/material","name":"MatGridListModule","line":72,"character":8},{"__symbolic":"reference","module":"@angular/material","name":"MatIconModule","line":73,"character":8},{"__symbolic":"reference","module":"@angular/material","name":"MatInputModule","line":74,"character":8},{"__symbolic":"reference","module":"@angular/material","name":"MatListModule","line":75,"character":8},{"__symbolic":"reference","module":"@angular/material","name":"MatMenuModule","line":76,"character":8},{"__symbolic":"reference","module":"@angular/material","name":"MatNativeDateModule","line":77,"character":8},{"__symbolic":"reference","module":"@angular/material","name":"MatPaginatorModule","line":78,"character":8},{"__symbolic":"reference","module":"@angular/material","name":"MatProgressBarModule","line":79,"character":8},{"__symbolic":"reference","module":"@angular/material","name":"MatProgressSpinnerModule","line":80,"character":8},{"__symbolic":"reference","module":"@angular/material","name":"MatRadioModule","line":81,"character":8},{"__symbolic":"reference","module":"@angular/material","name":"MatRippleModule","line":82,"character":8},{"__symbolic":"reference","module":"@angular/material","name":"MatSelectModule","line":83,"character":8},{"__symbolic":"reference","module":"@angular/material","name":"MatSidenavModule","line":84,"character":8},{"__symbolic":"reference","module":"@angular/material","name":"MatSliderModule","line":85,"character":8},{"__symbolic":"reference","module":"@angular/material","name":"MatSlideToggleModule","line":86,"character":8},{"__symbolic":"reference","module":"@angular/material","name":"MatSnackBarModule","line":87,"character":8},{"__symbolic":"reference","module":"@angular/material","name":"MatSortModule","line":88,"character":8},{"__symbolic":"reference","module":"@angular/material","name":"MatTableModule","line":89,"character":8},{"__symbolic":"reference","module":"@angular/material","name":"MatTabsModule","line":90,"character":8},{"__symbolic":"reference","module":"@angular/material","name":"MatToolbarModule","line":91,"character":8},{"__symbolic":"reference","module":"@angular/material","name":"MatTooltipModule","line":92,"character":8},{"__symbolic":"reference","module":"@angular/material","name":"MatTreeModule","line":93,"character":8},{"__symbolic":"reference","module":"@angular/cdk/portal","name":"PortalModule","line":94,"character":8},{"__symbolic":"reference","module":"@angular/cdk/scrolling","name":"ScrollingModule","line":95,"character":8}]}]}],"members":{}}},"origins":{"ListingService":"./lib/listing.service","ListingComponent":"./lib/listing.component","Confirmdialog":"./lib/listing.component","BottomSheet":"./lib/listing.component","ListingModule":"./lib/listing.module","ɵa":"./lib/api.service","ɵb":"./lib/materialmodules"},"importAs":"listing-angular7"}